Python Developer Fresher - REMOTE,Lifelancer,"Ahmedabad, Gujarat, India",https://in.linkedin.com/jobs/view/python-developer-fresher-remote-at-lifelancer-3800991054?refId=OzWlKoIVDde1y%2FCyNIRoeQ%3D%3D&trackingId=ewIT%2FqjED3hm4x4eIJrZeQ%3D%3D&position=1&pageNum=0&trk=public_jobs_jserp-result_search-card
Python Developer,HOPS HEALTHCARE,"Ahmedabad, Gujarat, India",https://in.linkedin.com/jobs/view/python-developer-at-hops-healthcare-3792392872?refId=OzWlKoIVDde1y%2FCyNIRoeQ%3D%3D&trackingId=Szz%2BFApN1SPoZOhUGGLYKQ%3D%3D&position=2&pageNum=0&trk=public_jobs_jserp-result_search-card
Python Developer,CODEPRISM TECHNOLOGIES PVT. LTD.,"Hyderabad, Telangana, India",https://in.linkedin.com/jobs/view/python-developer-at-codeprism-technologies-pvt-ltd-3804921133?refId=OzWlKoIVDde1y%2FCyNIRoeQ%3D%3D&trackingId=b5WunRfxgqO5h%2BN2fLv%2BWw%3D%3D&position=3&pageNum=0&trk=public_jobs_jserp-result_search-card
Android Fresher Required,Concourse Solutions Private Limited,"Pune, Maharashtra, India",https://in.linkedin.com/jobs/view/android-fresher-required-at-concourse-solutions-private-limited-3800941058?refId=OzWlKoIVDde1y%2FCyNIRoeQ%3D%3D&trackingId=jcNc%2B%2FoBhefc1oMN%2BtzP4w%3D%3D&position=4&pageNum=0&trk=public_jobs_jserp-result_search-card
Python Developer,Fluper,"Gautam Buddha Nagar, Uttar Pradesh, India",https://in.linkedin.com/jobs/view/python-developer-at-fluper-3800924816?refId=OzWlKoIVDde1y%2FCyNIRoeQ%3D%3D&trackingId=yaH%2BM%2FBXh0bbN26GhKJzKw%3D%3D&position=5&pageNum=0&trk=public_jobs_jserp-result_search-card
Python Developer,Quantsapp,"Mumbai, Maharashtra, India",https://in.linkedin.com/jobs/view/python-developer-at-quantsapp-3799618861?refId=OzWlKoIVDde1y%2FCyNIRoeQ%3D%3D&trackingId=VHqivCshowzxWPWVKJjpSQ%3D%3D&position=6&pageNum=0&trk=public_jobs_jserp-result_search-card
Interesting Job Opportunity: Quantsapp - Junior Python Developer - Pandas/Numpy,Quantsapp,"Mumbai, Maharashtra, India",https://in.linkedin.com/jobs/view/interesting-job-opportunity-quantsapp-junior-python-developer-pandas-numpy-at-quantsapp-3795120112?refId=OzWlKoIVDde1y%2FCyNIRoeQ%3D%3D&trackingId=D9a93xIJY%2FOWXFitHlsnaA%3D%3D&position=7&pageNum=0&trk=public_jobs_jserp-result_search-card
Python Developer,AxisTechnolabs,"Ahmedabad, Gujarat, India",https://in.linkedin.com/jobs/view/python-developer-at-axistechnolabs-3800924238?refId=OzWlKoIVDde1y%2FCyNIRoeQ%3D%3D&trackingId=3tzqddQ9%2Fc8cVvlHAseA0Q%3D%3D&position=8&pageNum=0&trk=public_jobs_jserp-result_search-card
Data Analyst,BharatX,"Bengaluru, Karnataka, India",https://in.linkedin.com/jobs/view/data-analyst-at-bharatx-3801784860?refId=OzWlKoIVDde1y%2FCyNIRoeQ%3D%3D&trackingId=%2BgBX60MPdZa5FwwhrxK4tg%3D%3D&position=9&pageNum=0&trk=public_jobs_jserp-result_search-card
Fresher Python Developer (Trainee)-,Ovidtech Technologies,"Kakinada, Andhra Pradesh, India",https://in.linkedin.com/jobs/view/fresher-python-developer-trainee-at-ovidtech-technologies-3800577520?refId=OzWlKoIVDde1y%2FCyNIRoeQ%3D%3D&trackingId=o1qomTIHyRCRsmYIWcPbqg%3D%3D&position=10&pageNum=0&trk=public_jobs_jserp-result_search-card
Python Developer,Quantsapp,"Mumbai, Maharashtra, India",https://in.linkedin.com/jobs/view/python-developer-at-quantsapp-3799620810?refId=OzWlKoIVDde1y%2FCyNIRoeQ%3D%3D&trackingId=v84OFFk1VSSERu7cHx5LMw%3D%3D&position=11&pageNum=0&trk=public_jobs_jserp-result_search-card
Python Developer,Talent Bee Consulting Pvt Ltd.,"Bengaluru North, Karnataka, India",https://in.linkedin.com/jobs/view/python-developer-at-talent-bee-consulting-pvt-ltd-3796058525?refId=OzWlKoIVDde1y%2FCyNIRoeQ%3D%3D&trackingId=tVOc0vfJ7Q8VuRYB3U3yjQ%3D%3D&position=12&pageNum=0&trk=public_jobs_jserp-result_search-card
Python Developer,Algorithma,"Kochi, Kerala, India",https://in.linkedin.com/jobs/view/python-developer-at-algorithma-3787197070?refId=OzWlKoIVDde1y%2FCyNIRoeQ%3D%3D&trackingId=PIrMW6748MYXBdn3o5tAvQ%3D%3D&position=13&pageNum=0&trk=public_jobs_jserp-result_search-card
Python Developer,NeoSOFT,"Mumbai, Maharashtra, India",https://in.linkedin.com/jobs/view/python-developer-at-neosoft-3786831700?refId=OzWlKoIVDde1y%2FCyNIRoeQ%3D%3D&trackingId=QEb0cWPg1tluBzxXEHmpGA%3D%3D&position=14&pageNum=0&trk=public_jobs_jserp-result_search-card
Fresher Python Developer (Trainee)-,Ovidtech Technologies,"Visakhapatnam, Andhra Pradesh, India",https://in.linkedin.com/jobs/view/fresher-python-developer-trainee-at-ovidtech-technologies-3804760556?refId=OzWlKoIVDde1y%2FCyNIRoeQ%3D%3D&trackingId=AcIQ5u1kVhu8rYRQoY%2FQ3Q%3D%3D&position=15&pageNum=0&trk=public_jobs_jserp-result_search-card
Fresher Python Developer (Trainee)-,Ovidtech Technologies,"Hyderabad, Telangana, India",https://in.linkedin.com/jobs/view/fresher-python-developer-trainee-at-ovidtech-technologies-3800576630?refId=OzWlKoIVDde1y%2FCyNIRoeQ%3D%3D&trackingId=BbF8lXk6e4DfxOynrgQw9A%3D%3D&position=16&pageNum=0&trk=public_jobs_jserp-result_search-card
Entri.app - Backend Developer - Python/Django,Entri,"Kochi, Kerala, India",https://in.linkedin.com/jobs/view/entri-app-backend-developer-python-django-at-entri-3795835887?refId=OzWlKoIVDde1y%2FCyNIRoeQ%3D%3D&trackingId=SV2s43%2Ba9OUCcpjp%2FwhKqA%3D%3D&position=17&pageNum=0&trk=public_jobs_jserp-result_search-card
Python Developer,zKonsult Innovative Solutions Private Limited (ZISPL),"Gurgaon, Haryana, India",https://in.linkedin.com/jobs/view/python-developer-at-zkonsult-innovative-solutions-private-limited-zispl-3792621859?refId=OzWlKoIVDde1y%2FCyNIRoeQ%3D%3D&trackingId=LVscobPHNPThywBx48W1Rw%3D%3D&position=18&pageNum=0&trk=public_jobs_jserp-result_search-card
Python Developer,Goldsikka Limited,"Hyderabad, Telangana, India",https://in.linkedin.com/jobs/view/python-developer-at-goldsikka-limited-3792395389?refId=OzWlKoIVDde1y%2FCyNIRoeQ%3D%3D&trackingId=Fwm0Q5hqHifEe4KyPv5EMw%3D%3D&position=19&pageNum=0&trk=public_jobs_jserp-result_search-card
Python Developer,Webkul,"Noida, Uttar Pradesh, India",https://in.linkedin.com/jobs/view/python-developer-at-webkul-3791276944?refId=OzWlKoIVDde1y%2FCyNIRoeQ%3D%3D&trackingId=JAMJAeBl46kJdlyC6Af%2BOw%3D%3D&position=20&pageNum=0&trk=public_jobs_jserp-result_search-card
Python Developer,Webkul,"Lucknow, Uttar Pradesh, India",https://in.linkedin.com/jobs/view/python-developer-at-webkul-3791275919?refId=OzWlKoIVDde1y%2FCyNIRoeQ%3D%3D&trackingId=emu1%2Fl8MhmQexxTiY8nh6A%3D%3D&position=21&pageNum=0&trk=public_jobs_jserp-result_search-card
Python Developer,Unison Consulting,"Chennai, Tamil Nadu, India",https://in.linkedin.com/jobs/view/python-developer-at-unison-consulting-3776710784?refId=OzWlKoIVDde1y%2FCyNIRoeQ%3D%3D&trackingId=6P47zdEQPEFZ0oenSPAgfA%3D%3D&position=22&pageNum=0&trk=public_jobs_jserp-result_search-card
Python Developer,OneData Software Solutions,"Coimbatore, Tamil Nadu, India",https://in.linkedin.com/jobs/view/python-developer-at-onedata-software-solutions-3788617999?refId=OzWlKoIVDde1y%2FCyNIRoeQ%3D%3D&trackingId=e%2FDyVgk4WZLg8exqclr4Ow%3D%3D&position=23&pageNum=0&trk=public_jobs_jserp-result_search-card
Python Developer,Mid Source Tech,"Hyderabad, Telangana, India",https://in.linkedin.com/jobs/view/python-developer-at-mid-source-tech-3781158350?refId=OzWlKoIVDde1y%2FCyNIRoeQ%3D%3D&trackingId=K6JD0FRDuLO0tkbAviR3mQ%3D%3D&position=24&pageNum=0&trk=public_jobs_jserp-result_search-card
Fresher Python Developer (Trainee)-,Ovidtech Technologies,"Chennai, Tamil Nadu, India",https://in.linkedin.com/jobs/view/fresher-python-developer-trainee-at-ovidtech-technologies-3800579399?refId=OzWlKoIVDde1y%2FCyNIRoeQ%3D%3D&trackingId=EGd4U%2FvyoGpYKY6cjqrnEg%3D%3D&position=25&pageNum=0&trk=public_jobs_jserp-result_search-card
Python Developer Fresher - REMOTE,Lifelancer,"Ahmedabad, Gujarat, India",https://in.linkedin.com/jobs/view/python-developer-fresher-remote-at-lifelancer-3800991054?refId=swPHauqAeyGgxWj%2FmzpbJQ%3D%3D&trackingId=x%2BtvCpgny8HOl%2FcyiFNxEg%3D%3D&position=1&pageNum=0&trk=public_jobs_jserp-result_search-card
Python Lead,Infosys,"Pune, Maharashtra, India",https://in.linkedin.com/jobs/view/python-lead-at-infosys-3796923127?refId=swPHauqAeyGgxWj%2FmzpbJQ%3D%3D&trackingId=1X6JD57FLnoPquMq0wpaEQ%3D%3D&position=2&pageNum=0&trk=public_jobs_jserp-result_search-card
Python Developer,HOPS HEALTHCARE,"Ahmedabad, Gujarat, India",https://in.linkedin.com/jobs/view/python-developer-at-hops-healthcare-3792392872?refId=swPHauqAeyGgxWj%2FmzpbJQ%3D%3D&trackingId=kPK22aw2qNi0SL5xkP2uqA%3D%3D&position=3&pageNum=0&trk=public_jobs_jserp-result_search-card
Python Developer,CODEPRISM TECHNOLOGIES PVT. LTD.,"Hyderabad, Telangana, India",https://in.linkedin.com/jobs/view/python-developer-at-codeprism-technologies-pvt-ltd-3804921133?refId=swPHauqAeyGgxWj%2FmzpbJQ%3D%3D&trackingId=THC7FnbQvjTa6aRbSxK7pA%3D%3D&position=4&pageNum=0&trk=public_jobs_jserp-result_search-card
Python Developer,Fluper,"Gautam Buddha Nagar, Uttar Pradesh, India",https://in.linkedin.com/jobs/view/python-developer-at-fluper-3800924816?refId=swPHauqAeyGgxWj%2FmzpbJQ%3D%3D&trackingId=jVM7r%2Bq86rM4ostLJJdVQA%3D%3D&position=5&pageNum=0&trk=public_jobs_jserp-result_search-card
Python Developer,Quantsapp,"Mumbai, Maharashtra, India",https://in.linkedin.com/jobs/view/python-developer-at-quantsapp-3799620810?refId=swPHauqAeyGgxWj%2FmzpbJQ%3D%3D&trackingId=jS44A5sUmEb3pthjriB9Ng%3D%3D&position=6&pageNum=0&trk=public_jobs_jserp-result_search-card
Interesting Job Opportunity: Quantsapp - Junior Python Developer - Pandas/Numpy,Quantsapp,"Mumbai, Maharashtra, India",https://in.linkedin.com/jobs/view/interesting-job-opportunity-quantsapp-junior-python-developer-pandas-numpy-at-quantsapp-3795120112?refId=swPHauqAeyGgxWj%2FmzpbJQ%3D%3D&trackingId=2nT%2F%2FvUJ1JxvoFT36dyFQg%3D%3D&position=7&pageNum=0&trk=public_jobs_jserp-result_search-card
Python Developer,CGI,"Bengaluru, Karnataka, India",https://in.linkedin.com/jobs/view/python-developer-at-cgi-3805500069?refId=swPHauqAeyGgxWj%2FmzpbJQ%3D%3D&trackingId=68E%2BocjIC%2B%2BfmHdDT9UbsQ%3D%3D&position=8&pageNum=0&trk=public_jobs_jserp-result_search-card
Python Developer,AxisTechnolabs,"Ahmedabad, Gujarat, India",https://in.linkedin.com/jobs/view/python-developer-at-axistechnolabs-3800924238?refId=swPHauqAeyGgxWj%2FmzpbJQ%3D%3D&trackingId=GkJkb5He6OtFuOCMjiPvEw%3D%3D&position=9&pageNum=0&trk=public_jobs_jserp-result_search-card
Fresher Python Developer (Trainee)-,Ovidtech Technologies,"Kakinada, Andhra Pradesh, India",https://in.linkedin.com/jobs/view/fresher-python-developer-trainee-at-ovidtech-technologies-3800577520?refId=swPHauqAeyGgxWj%2FmzpbJQ%3D%3D&trackingId=lXjlcW4WwUJnmAxJj8FxAQ%3D%3D&position=10&pageNum=0&trk=public_jobs_jserp-result_search-card
Python Developer,Talent Bee Consulting Pvt Ltd.,"Bengaluru North, Karnataka, India",https://in.linkedin.com/jobs/view/python-developer-at-talent-bee-consulting-pvt-ltd-3796058525?refId=swPHauqAeyGgxWj%2FmzpbJQ%3D%3D&trackingId=rUY9spF9T0GnvUVbJNZS7g%3D%3D&position=11&pageNum=0&trk=public_jobs_jserp-result_search-card
Fresher Python Developer (Trainee)-,Ovidtech Technologies,"Visakhapatnam, Andhra Pradesh, India",https://in.linkedin.com/jobs/view/fresher-python-developer-trainee-at-ovidtech-technologies-3804760556?refId=swPHauqAeyGgxWj%2FmzpbJQ%3D%3D&trackingId=uSio3jHmldoouCNoA5uKIg%3D%3D&position=12&pageNum=0&trk=public_jobs_jserp-result_search-card
Fresher Python Developer (Trainee)-,Ovidtech Technologies,"Hyderabad, Telangana, India",https://in.linkedin.com/jobs/view/fresher-python-developer-trainee-at-ovidtech-technologies-3800576630?refId=swPHauqAeyGgxWj%2FmzpbJQ%3D%3D&trackingId=ZivaxAOxWC4TJ8LgGufgnA%3D%3D&position=13&pageNum=0&trk=public_jobs_jserp-result_search-card
Entri.app - Backend Developer - Python/Django,Entri,"Kochi, Kerala, India",https://in.linkedin.com/jobs/view/entri-app-backend-developer-python-django-at-entri-3795835887?refId=swPHauqAeyGgxWj%2FmzpbJQ%3D%3D&trackingId=Kn%2BRY3gvj4%2BQWd3QRjT9Ng%3D%3D&position=14&pageNum=0&trk=public_jobs_jserp-result_search-card
Python Developer,zKonsult Innovative Solutions Private Limited (ZISPL),"Gurgaon, Haryana, India",https://in.linkedin.com/jobs/view/python-developer-at-zkonsult-innovative-solutions-private-limited-zispl-3792621859?refId=swPHauqAeyGgxWj%2FmzpbJQ%3D%3D&trackingId=HkpEq4wJQ34sJsfqc24HmQ%3D%3D&position=15&pageNum=0&trk=public_jobs_jserp-result_search-card
Python Developer,Goldsikka Limited,"Hyderabad, Telangana, India",https://in.linkedin.com/jobs/view/python-developer-at-goldsikka-limited-3792395389?refId=swPHauqAeyGgxWj%2FmzpbJQ%3D%3D&trackingId=YeE34WBXmgEWFRuC172d%2Fw%3D%3D&position=16&pageNum=0&trk=public_jobs_jserp-result_search-card
Python Developer,Webkul,"Lucknow, Uttar Pradesh, India",https://in.linkedin.com/jobs/view/python-developer-at-webkul-3791275919?refId=swPHauqAeyGgxWj%2FmzpbJQ%3D%3D&trackingId=vld1NJNlroqVyoPpA5QAvA%3D%3D&position=17&pageNum=0&trk=public_jobs_jserp-result_search-card
Python Developer,Webkul,"Noida, Uttar Pradesh, India",https://in.linkedin.com/jobs/view/python-developer-at-webkul-3791276944?refId=swPHauqAeyGgxWj%2FmzpbJQ%3D%3D&trackingId=246RFHyt92SmYC6o%2Fm5boA%3D%3D&position=18&pageNum=0&trk=public_jobs_jserp-result_search-card
Python Developer,Synechron,"Bengaluru, Karnataka, India",https://in.linkedin.com/jobs/view/python-developer-at-synechron-3798155208?refId=swPHauqAeyGgxWj%2FmzpbJQ%3D%3D&trackingId=ODj7M0VisB8E6ZpkIRsVdw%3D%3D&position=19&pageNum=0&trk=public_jobs_jserp-result_search-card
Python Developer,OneData Software Solutions,"Coimbatore, Tamil Nadu, India",https://in.linkedin.com/jobs/view/python-developer-at-onedata-software-solutions-3788617999?refId=swPHauqAeyGgxWj%2FmzpbJQ%3D%3D&trackingId=T%2B3Oba4RcjJkUYhYba5utA%3D%3D&position=20&pageNum=0&trk=public_jobs_jserp-result_search-card
Python Developer,Creditsafe Technology,"Hyderabad, Telangana, India",https://in.linkedin.com/jobs/view/python-developer-at-creditsafe-technology-3798058607?refId=swPHauqAeyGgxWj%2FmzpbJQ%3D%3D&trackingId=NE2RpMe3h19G6s%2FLnoisMg%3D%3D&position=21&pageNum=0&trk=public_jobs_jserp-result_search-card
Python Developer,Mid Source Tech,"Hyderabad, Telangana, India",https://in.linkedin.com/jobs/view/python-developer-at-mid-source-tech-3781158350?refId=swPHauqAeyGgxWj%2FmzpbJQ%3D%3D&trackingId=5ZM6EDVQLUnhosBcR4U3AA%3D%3D&position=22&pageNum=0&trk=public_jobs_jserp-result_search-card
Fresher Python Developer (Trainee)-,Ovidtech Technologies,"Chennai, Tamil Nadu, India",https://in.linkedin.com/jobs/view/fresher-python-developer-trainee-at-ovidtech-technologies-3800579399?refId=swPHauqAeyGgxWj%2FmzpbJQ%3D%3D&trackingId=Qv6OubemLrdzmrSVNa3I7w%3D%3D&position=23&pageNum=0&trk=public_jobs_jserp-result_search-card
Python Developer,ITCTRLS Digisol LLP,"Hyderabad, Telangana, India",https://in.linkedin.com/jobs/view/python-developer-at-itctrls-digisol-llp-3797857935?refId=swPHauqAeyGgxWj%2FmzpbJQ%3D%3D&trackingId=8zOsVTy3EnB5RKLUuaCBQw%3D%3D&position=24&pageNum=0&trk=public_jobs_jserp-result_search-card
Fresher Python Developer (Trainee)-,Ovidtech Technologies,"Madurai, Tamil Nadu, India",https://in.linkedin.com/jobs/view/fresher-python-developer-trainee-at-ovidtech-technologies-3800578505?refId=swPHauqAeyGgxWj%2FmzpbJQ%3D%3D&trackingId=2%2FGVq4%2FCq8Q9qycavWHZSw%3D%3D&position=25&pageNum=0&trk=public_jobs_jserp-result_search-card
